idx,x,y,frame,prev_failed_reason,det_ok,center_u,center_v,mask_exists,mask_area_px,reason_guess,img_ts,error
479,0.5453125,0.44875,0,valid_frames=0<3,False,,,False,,mask_missing_or_detection_failed,1775042734.8460994,
479,0.5453125,0.44875,1,valid_frames=0<3,False,,,False,,mask_missing_or_detection_failed,1775042736.6849067,
479,0.5453125,0.44875,2,valid_frames=0<3,False,,,False,,mask_missing_or_detection_failed,1775042738.5557642,
479,0.5453125,0.44875,3,valid_frames=0<3,False,,,False,,mask_missing_or_detection_failed,1775042740.351793,
479,0.5453125,0.44875,4,valid_frames=0<3,False,,,False,,mask_missing_or_detection_failed,1775042742.1323075,
479,0.5453125,0.44875,5,valid_frames=0<3,False,,,False,,mask_missing_or_detection_failed,1775042744.0462625,
479,0.5453125,0.44875,6,valid_frames=0<3,False,,,False,,mask_missing_or_detection_failed,1775042745.8105314,
479,0.5453125,0.44875,7,valid_frames=0<3,False,,,False,,mask_missing_or_detection_failed,1775042747.7185304,
479,0.5453125,0.44875,8,valid_frames=0<3,False,,,False,,mask_missing_or_detection_failed,1775042749.5106657,
479,0.5453125,0.44875,9,valid_frames=0<3,False,,,False,,mask_missing_or_detection_failed,1775042751.3070192,
643,0.515,0.601875,0,valid_frames=1<3,False,,,False,,mask_missing_or_detection_failed,1775042755.5907948,
643,0.515,0.601875,1,valid_frames=1<3,False,,,False,,mask_missing_or_detection_failed,1775042757.3868237,
643,0.515,0.601875,2,valid_frames=1<3,True,359.0304147465438,231.747465437788,True,1085.0,detected,1775042759.1724365,
643,0.515,0.601875,3,valid_frames=1<3,True,358.9981718464351,231.78884826325412,True,1094.0,detected,1775042761.01477,
643,0.515,0.601875,4,valid_frames=1<3,False,,,False,,mask_missing_or_detection_failed,1775042762.9324076,
643,0.515,0.601875,5,valid_frames=1<3,False,,,False,,mask_missing_or_detection_failed,1775042764.7788057,
643,0.515,0.601875,6,valid_frames=1<3,False,,,False,,mask_missing_or_detection_failed,1775042767.0518575,
643,0.515,0.601875,7,valid_frames=1<3,True,358.91192660550456,231.67155963302753,True,1090.0,detected,1775042768.9718115,
643,0.515,0.601875,8,valid_frames=1<3,False,,,False,,mask_missing_or_detection_failed,1775042771.0121171,
643,0.515,0.601875,9,valid_frames=1<3,True,358.986301369863,231.79817351598174,True,1095.0,detected,1775042772.8038826,
677,0.5453125,0.6325000000000001,0,valid_frames=0<3,False,,,False,,mask_missing_or_detection_failed,1775042777.1773994,
677,0.5453125,0.6325000000000001,1,valid_frames=0<3,False,,,False,,mask_missing_or_detection_failed,1775042778.922993,
677,0.5453125,0.6325000000000001,2,valid_frames=0<3,False,,,False,,mask_missing_or_detection_failed,1775042780.7060072,
677,0.5453125,0.6325000000000001,3,valid_frames=0<3,False,,,False,,mask_missing_or_detection_failed,1775042782.6266851,
677,0.5453125,0.6325000000000001,4,valid_frames=0<3,False,,,False,,mask_missing_or_detection_failed,1775042784.358434,
677,0.5453125,0.6325000000000001,5,valid_frames=0<3,False,,,False,,mask_missing_or_detection_failed,1775042786.1866,
677,0.5453125,0.6325000000000001,6,valid_frames=0<3,False,,,False,,mask_missing_or_detection_failed,1775042788.0116456,
677,0.5453125,0.6325000000000001,7,valid_frames=0<3,False,,,False,,mask_missing_or_detection_failed,1775042789.8507845,
677,0.5453125,0.6325000000000001,8,valid_frames=0<3,False,,,False,,mask_missing_or_detection_failed,1775042792.0074415,
677,0.5453125,0.6325000000000001,9,valid_frames=0<3,False,,,False,,mask_missing_or_detection_failed,1775042793.8034754,
809,0.5453125,0.755,0,valid_frames=0<3,True,291.02460456942003,245.3927943760984,True,1138.0,detected,1775042797.7047231,
809,0.5453125,0.755,1,valid_frames=0<3,True,290.96218117854,245.17941952506595,True,1137.0,detected,1775042799.5637379,
809,0.5453125,0.755,2,valid_frames=0<3,False,,,False,,mask_missing_or_detection_failed,1775042801.3684754,
809,0.5453125,0.755,3,valid_frames=0<3,True,291.111801242236,245.25554569653949,True,1127.0,detected,1775042803.2230499,
809,0.5453125,0.755,4,valid_frames=0<3,False,,,False,,mask_missing_or_detection_failed,1775042805.0902188,
809,0.5453125,0.755,5,valid_frames=0<3,True,291.111801242236,245.25554569653949,True,1127.0,detected,1775042806.8830483,
809,0.5453125,0.755,6,valid_frames=0<3,True,290.71128608923885,244.92563429571302,True,1143.0,detected,1775042808.7240946,
809,0.5453125,0.755,7,valid_frames=0<3,False,,,False,,mask_missing_or_detection_failed,1775042810.5545447,
809,0.5453125,0.755,8,valid_frames=0<3,True,291.06349206349205,245.1816578483245,True,1134.0,detected,1775042812.4856436,
809,0.5453125,0.755,9,valid_frames=0<3,True,291.00797165633304,245.07617360496013,True,1129.0,detected,1775042814.4792712,
874,0.515,0.81625,0,valid_frames=2<3,True,263.6271649954421,232.18049225159527,True,1097.0,detected,1775042818.1363895,
874,0.515,0.81625,1,valid_frames=2<3,True,263.53853211009175,232.04954128440366,True,1090.0,detected,1775042819.988392,
874,0.515,0.81625,2,valid_frames=2<3,False,,,False,,mask_missing_or_detection_failed,1775042821.8232713,
874,0.515,0.81625,3,valid_frames=2<3,False,,,False,,mask_missing_or_detection_failed,1775042823.660368,
874,0.515,0.81625,4,valid_frames=2<3,False,,,False,,mask_missing_or_detection_failed,1775042825.5075514,
874,0.515,0.81625,5,valid_frames=2<3,False,,,False,,mask_missing_or_detection_failed,1775042827.337275,
874,0.515,0.81625,6,valid_frames=2<3,True,263.5671232876712,232.1351598173516,True,1095.0,detected,1775042829.1636727,
874,0.515,0.81625,7,valid_frames=2<3,True,263.5364055299539,232.09493087557604,True,1085.0,detected,1775042831.061169,
874,0.515,0.81625,8,valid_frames=2<3,False,,,False,,mask_missing_or_detection_failed,1775042832.844752,
874,0.515,0.81625,9,valid_frames=2<3,False,,,False,,mask_missing_or_detection_failed,1775042834.6731765,
907,0.515,0.846875,0,valid_frames=0<3,True,249.16420664206643,231.9741697416974,True,1084.0,detected,1775042838.3484812,
907,0.515,0.846875,1,valid_frames=0<3,True,249.05822550831792,232.15526802218113,True,1082.0,detected,1775042840.1859994,
907,0.515,0.846875,2,valid_frames=0<3,True,249.27762557077625,232.13059360730594,True,1095.0,detected,1775042842.0077913,
907,0.515,0.846875,3,valid_frames=0<3,False,,,False,,mask_missing_or_detection_failed,1775042843.838769,
907,0.515,0.846875,4,valid_frames=0<3,False,,,False,,mask_missing_or_detection_failed,1775042845.7594647,
907,0.515,0.846875,5,valid_frames=0<3,True,249.08667287977633,232.12301957129543,True,1073.0,detected,1775042847.5033944,
907,0.515,0.846875,6,valid_frames=0<3,True,249.16422018348624,232.22201834862386,True,1090.0,detected,1775042849.4110794,
907,0.515,0.846875,7,valid_frames=0<3,False,,,False,,mask_missing_or_detection_failed,1775042851.1828256,
907,0.515,0.846875,8,valid_frames=0<3,False,,,False,,mask_missing_or_detection_failed,1775042853.3436975,
907,0.515,0.846875,9,valid_frames=0<3,True,249.25977653631284,231.97113594040968,True,1074.0,detected,1775042855.1416624,
940,0.515,0.8775,0,valid_frames=0<3,False,,,False,,mask_missing_or_detection_failed,1775042858.8022118,
940,0.515,0.8775,1,valid_frames=0<3,False,,,False,,mask_missing_or_detection_failed,1775042860.6121447,
940,0.515,0.8775,2,valid_frames=0<3,False,,,False,,mask_missing_or_detection_failed,1775042862.458834,
940,0.515,0.8775,3,valid_frames=0<3,False,,,False,,mask_missing_or_detection_failed,1775042864.3247974,
940,0.515,0.8775,4,valid_frames=0<3,False,,,False,,mask_missing_or_detection_failed,1775042866.1253717,
940,0.515,0.8775,5,valid_frames=0<3,False,,,False,,mask_missing_or_detection_failed,1775042867.95808,
940,0.515,0.8775,6,valid_frames=0<3,False,,,False,,mask_missing_or_detection_failed,1775042869.7969341,
940,0.515,0.8775,7,valid_frames=0<3,False,,,False,,mask_missing_or_detection_failed,1775042871.642003,
940,0.515,0.8775,8,valid_frames=0<3,False,,,False,,mask_missing_or_detection_failed,1775042873.4705691,
940,0.515,0.8775,9,valid_frames=0<3,False,,,False,,mask_missing_or_detection_failed,1775042875.3464704,
973,0.515,0.908125,0,valid_frames=0<3,False,,,False,,mask_missing_or_detection_failed,1775042879.0435848,
973,0.515,0.908125,1,valid_frames=0<3,False,,,False,,mask_missing_or_detection_failed,1775042880.804531,
973,0.515,0.908125,2,valid_frames=0<3,False,,,False,,mask_missing_or_detection_failed,1775042882.635749,
973,0.515,0.908125,3,valid_frames=0<3,False,,,False,,mask_missing_or_detection_failed,1775042884.4917665,
973,0.515,0.908125,4,valid_frames=0<3,False,,,False,,mask_missing_or_detection_failed,1775042886.4134605,
973,0.515,0.908125,5,valid_frames=0<3,False,,,False,,mask_missing_or_detection_failed,1775042888.2092936,
973,0.515,0.908125,6,valid_frames=0<3,False,,,False,,mask_missing_or_detection_failed,1775042890.0101833,
973,0.515,0.908125,7,valid_frames=0<3,False,,,False,,mask_missing_or_detection_failed,1775042891.86178,
973,0.515,0.908125,8,valid_frames=0<3,False,,,False,,mask_missing_or_detection_failed,1775042893.7253957,
973,0.515,0.908125,9,valid_frames=0<3,False,,,False,,mask_missing_or_detection_failed,1775042895.5143301,
1006,0.515,0.93875,0,valid_frames=0<3,False,,,False,,mask_missing_or_detection_failed,1775042899.4196122,
1006,0.515,0.93875,1,valid_frames=0<3,False,,,False,,mask_missing_or_detection_failed,1775042901.2757769,
1006,0.515,0.93875,2,valid_frames=0<3,False,,,False,,mask_missing_or_detection_failed,1775042903.0836504,
1006,0.515,0.93875,3,valid_frames=0<3,False,,,False,,mask_missing_or_detection_failed,1775042905.0108418,
1006,0.515,0.93875,4,valid_frames=0<3,False,,,False,,mask_missing_or_detection_failed,1775042906.749294,
1006,0.515,0.93875,5,valid_frames=0<3,False,,,False,,mask_missing_or_detection_failed,1775042908.592556,
1006,0.515,0.93875,6,valid_frames=0<3,False,,,False,,mask_missing_or_detection_failed,1775042910.4996603,
1006,0.515,0.93875,7,valid_frames=0<3,False,,,False,,mask_missing_or_detection_failed,1775042912.2704015,
1006,0.515,0.93875,8,valid_frames=0<3,False,,,False,,mask_missing_or_detection_failed,1775042914.0894687,
1006,0.515,0.93875,9,valid_frames=0<3,False,,,False,,mask_missing_or_detection_failed,1775042915.9801438,
